Employee Name,01-10-2026,02-10-2026,03-10-2026,04-10-2026,05-10-2026,06-10-2026,07-10-2026,08-10-2026,09-10-2026,10-10-2026,11-10-2026,12-10-2026,13-10-2026,14-10-2026,15-10-2026,16-10-2026,17-10-2026,18-10-2026,19-10-2026,20-10-2026,21-10-2026,22-10-2026,23-10-2026,24-10-2026,25-10-2026,26-10-2026,27-10-2026,28-10-2026,29-10-2026,30-10-2026,31-10-2026
Lalit,,,,, ,,,,,,,,,,,,,,,,,,,,,,,,,,
Akib,B,C,C,OFF,OFF,A,A,B,B,C,C,OFF,OFF,A,A,B,B,C,C,OFF,OFF,A,A,B,B,C,C,OFF,OFF,A,A
Diganta,OFF,A,A,BC,OFF,A,A,B,B,C,L,OFF,OFF,A,A,B,B,L,OFF,OFF,B,A,A,B,B,C,C,OFF,OFF,A,A
Achuit,C,OFF,OFF,A,A,B,B,C,C,OFF,OFF,A,A,B,B,B,C,OFF,B,A,C,OFF,B,A,C,OFF,OFF,A,A,B,B
Pranjal,C,OFF,OFF,A,A,C,B,A,L,L,L,L,L,B,OFF,C,OFF,C,B,A,A,B,B,C,C,OFF,OFF,A,A,B,B
Bidyut,OFF,A,A,B,B,C,C,OFF,OFF,A,A,B,B,C,C,OFF,OFF,A,A,B,B,C,C,OFF,OFF,A,A,B,B,C,C
Shashadhar,A,B,B,C,C,OFF,OFF,A,A,B,B,C,C,OFF,OFF,A,A,B,L,C,C,OFF,OFF,A,A,B,B,C,C,OFF,OFF
Op-Dipak,G,G,G,OFF,G,G,G,G,G,G,OFF,G,G,G,G,G,A,OFF,AB,B,G,G,G,G,OFF,G,G,G,G,G,G
Op-Nabin,A,C,C,OFF,B,B,A,A,C,C,OFF,B,B,A,A,C,C,OFF,L,C,A,A,C,C,OFF,B,B,A,A,C,C
Op-Ankur,A,A,C,C,OFF,B,B,A,A,C,C,OFF,B,B,A,A,C,L,OFF,B,B,A,A,C,C,OFF,B,B,A,A,C
🔴Op-Gurudeep,L,A,A,C,C,OFF,B,B,A,A,C,C,OFF,B,B,A,B,C,C,OFF,L,B,A,A,B,C,OFF,B,B,A,A
🔴Op-Anup,B,B,A,A,C,C,OFF,B,B,A,A,C,C,OFF,B,B,A,A,L,L,OFF,B,B,A,A,C,C,OFF,B,B,A
Op-Utpal,OFF,B,B,A,A,C,C,OFF,B,B,A,A,C,C,OFF,L,L,A,C,C,L,OFF,B,B,A,A,C,C,OFF,B,B
Op-Nayan,C,OFF,B,B,A,A,C,C,OFF,B,B,A,A,C,C,OFF,B,B,A,A,C,C,OFF,B,B,A,A,C,C,OFF,B
Op-Sampad,B,C,OFF,B,B,A,A,C,C,OFF,B,B,A,A,C,C,OFF,B,L,L,L,C,C,OFF,L,B,A,A,C,C,OFF
