Date,Type,Name,Message
01-01,BIRTHDAY,Sampreeti,Happy Birthday
07-01,BIRTHDAY,Arka,Happy Birthday
13-01,BIRTHDAY,Arshad,Happy Birthday
17-01,BIRTHDAY,Manoj Haloi,Happy Birthday
23-02,BIRTHDAY,Satadru,Happy Birthday
19-03,BIRTHDAY,Lalit,Happy Birthday
24-03,BIRTHDAY,Shashank,Happy Birthday
25-04,BIRTHDAY,Palash,Happy Birthday
10-05,BIRTHDAY,Jitu,Happy Birthday
30-05,BIRTHDAY,Vijay,Happy Birthday
20-06,BIRTHDAY,Santanu & Pritam,Happy Birthday
24-06,BIRTHDAY,Sandip,Happy Birthday
07-07,BIRTHDAY,Kamal,Happy Birthday
10-07,,BIRTHDAY,Diganta,Happy Birthday
03-08,BIRTHDAY,Devendra,Happy Birthday
13-08,BIRTHDAY,Debajit,Happy Birthday
06-09,BIRTHDAY,Arun,Happy Birthday
24-09,BIRTHDAY,Saiprasad Sahoo,Happy Birthday
01-11,BIRTHDAY,Bidyut,Happy Birthday
11-11,BIRTHDAY,Akib,Happy Birthday
27-11,BIRTHDAY,Abhigyan,Happy Birthday
04-12,BIRTHDAY,Hriday,Happy Birthday
21-12,BIRTHDAY,Pranjal,Happy Birthday
28-12,BIRTHDAY,Nihal,Happy Birthday
31-12,BIRTHDAY,Achuit,Happy Birthday
01-01,NEW YEAR,,Happy New Year
26-01,REPUBLIC DAY,,Happy Republic Day
08-01,FOUNDATION DAY,,Happy BCPL Foundation Day
30-06,FOUNDATION DAY,,Happy Anniversary PPU
15-08,INDEPENDENCE DAY,,Happy Independence Day
