Date,Name,Type
05-09,Mandatory F&S Training,Half Day
08-09 to 09-09,Effective Business Communication,2 Days
14-09,Training on Public Procurement,Full Day
19-09,Mandatory F&S Training,Half Day
05-10,Cyber Security and Cyber Hygiene,Full Day
06-10,Cyber Security and Cyber Hygiene,Full Day
07-10,Auxiliary Fire Fighting Squad Training,Full Day
08-10,Conduct Rules and Conflict of Interest,Full Day
08-10,Auxiliary Fire Fighting Squad Training,Full Day
14-10,Public Procurement,Full Day
15-10,GeM - New Features and Functionalities,Full Day
18-10,Mandatory F&S Training,Half Day
31-10,Mandatory F&S Training,Half Day
